pic1,"{""img"": ""http://img4.imgtn.bdimg.com/it/u=2110055303,572627801&fm=21&gp=0.jpg"", ""choices"": [""1"", ""2"", ""3"", ""4"", ""5""]}"
pic2,"{""img"": ""http://img4.imgtn.bdimg.com/it/u=2110055303,572627801&fm=21&gp=1.jpg"", ""choices"": [""1"", ""2"", ""3"", ""4"", ""5""]}"
pic3,"{""img"": ""http://img4.imgtn.bdimg.com/it/u=2110055303,572627801&fm=21&gp=2.jpg"", ""choices"": [""1"", ""2"", ""3"", ""4"", ""5""]}"
pic4,"{""img"": ""http://img4.imgtn.bdimg.com/it/u=2110055303,572627801&fm=21&gp=3.jpg"", ""choices"": [""1"", ""2"", ""3"", ""4"", ""5""]}"
pic5,"{""img"": ""http://img4.imgtn.bdimg.com/it/u=2110055303,572627801&fm=21&gp=4.jpg"", ""choices"": [""1"", ""2"", ""3"", ""4"", ""5""]}"
pic6,"{""img"": ""http://img4.imgtn.bdimg.com/it/u=2110055303,572627801&fm=21&gp=5.jpg"", ""choices"": [""1"", ""2"", ""3"", ""4"", ""5""]}"
pic7,"{""img"": ""http://img4.imgtn.bdimg.com/it/u=2110055303,572627801&fm=21&gp=6.jpg"", ""choices"": [""1"", ""2"", ""3"", ""4"", ""5""]}"
pic8,"{""img"": ""http://img4.imgtn.bdimg.com/it/u=2110055303,572627801&fm=21&gp=7.jpg"", ""choices"": [""1"", ""2"", ""3"", ""4"", ""5""]}"
pic9,"{""img"": ""http://img4.imgtn.bdimg.com/it/u=2110055303,572627801&fm=21&gp=8.jpg"", ""choices"": [""1"", ""2"", ""3"", ""4"", ""5""]}"
pic10,"{""img"": ""http://img4.imgtn.bdimg.com/it/u=2110055303,572627801&fm=21&gp=9.jpg"", ""choices"": [""1"", ""2"", ""3"", ""4"", ""5""]}"
pic11,"{""img"": ""http://img4.imgtn.bdimg.com/it/u=2110055303,572627801&fm=21&gp=10.jpg"", ""choices"": [""1"", ""2"", ""3"", ""4"", ""5""]}"
pic12,"{""img"": ""http://img4.imgtn.bdimg.com/it/u=2110055303,572627801&fm=21&gp=11.jpg"", ""choices"": [""1"", ""2"", ""3"", ""4"", ""5""]}"
pic13,"{""img"": ""http://img4.imgtn.bdimg.com/it/u=2110055303,572627801&fm=21&gp=12.jpg"", ""choices"": [""1"", ""2"", ""3"", ""4"", ""5""]}"
pic14,"{""img"": ""http://img4.imgtn.bdimg.com/it/u=2110055303,572627801&fm=21&gp=13.jpg"", ""choices"": [""1"", ""2"", ""3"", ""4"", ""5""]}"
pic15,"{""img"": ""http://img4.imgtn.bdimg.com/it/u=2110055303,572627801&fm=21&gp=14.jpg"", ""choices"": [""1"", ""2"", ""3"", ""4"", ""5""]}"
pic16,"{""img"": ""http://img4.imgtn.bdimg.com/it/u=2110055303,572627801&fm=21&gp=15.jpg"", ""choices"": [""1"", ""2"", ""3"", ""4"", ""5""]}"
pic17,"{""img"": ""http://img4.imgtn.bdimg.com/it/u=2110055303,572627801&fm=21&gp=16.jpg"", ""choices"": [""1"", ""2"", ""3"", ""4"", ""5""]}"
pic18,"{""img"": ""http://img4.imgtn.bdimg.com/it/u=2110055303,572627801&fm=21&gp=17.jpg"", ""choices"": [""1"", ""2"", ""3"", ""4"", ""5""]}"
pic19,"{""img"": ""http://img4.imgtn.bdimg.com/it/u=2110055303,572627801&fm=21&gp=18.jpg"", ""choices"": [""1"", ""2"", ""3"", ""4"", ""5""]}"
pic20,"{""img"": ""http://img4.imgtn.bdimg.com/it/u=2110055303,572627801&fm=21&gp=19.jpg"", ""choices"": [""1"", ""2"", ""3"", ""4"", ""5""]}"
pic21,"{""img"": ""http://img4.imgtn.bdimg.com/it/u=2110055303,572627801&fm=21&gp=20.jpg"", ""choices"": [""1"", ""2"", ""3"", ""4"", ""5""]}"
pic22,"{""img"": ""http://img4.imgtn.bdimg.com/it/u=2110055303,572627801&fm=21&gp=21.jpg"", ""choices"": [""1"", ""2"", ""3"", ""4"", ""5""]}"
